<?xml version='1.0' encoding='utf-8'?>
<!DOCTYPE hibernate-configuration PUBLIC
        "-//Hibernate/Hibernate Configuration DTD//EN"
        "http://www.hibernate.org/dtd/hibernate-configuration-3.0.dtd">
<hibernate-configuration>
    <session-factory>
        <!-- mysql database connection -->
        <property name="connection.url">jdbc:mysql://localhost:3306/registration</property> <!-- provide url of database  -->
        <property name="connection.driver_class">com.mysql.jdbc.Driver</property>
        <property name="connection.username">root</property>
        <property name="dialect">org.hibernate.dialect.MySQL55Dialect</property>
        <property name="show_sql">true</property>
        <property name="format_sql">true</property>
        <property name="hibernate.hbm2ddl.auto">update</property>

        <!-- <property name="connection.password"></property> -->
        <!-- DB schema will be updated if needed -->
        <mapping class="org.example.Payment"/>
        <mapping class="org.example.PaymentServlet"/>

    </session-factory>
</hibernate-configuration>